министерство здравоохранения Новосибирской области	172
Муниципальное учреждение здравоохранения "Центральная городская больница г.Буйнакска"	77
Федеральное государственное бюджетное учреждение "Российский научно-исследовательский нейрохирургический институт имени профессора А. Л. Поленова" Министерства здравоохранения и социального развития Российской Федерации	56
Государственное бюджетное учреждение Республики Дагестан "Дирекция молодежных жилищно-строительных программ"	47
Общество с ограниченной ответственностью "Партнер"	37
федеральное казенное учреждение здравоохранения  "Центр восстановительной медицины и реабилитации "Зеленая роща" Министерства внутренних дел Российской Федерации"	36
Верховный Суд Республики Башкортостан	32
Общество с ограниченной ответственностью "Инфотрейд"	22
Управление муниципального заказа Администрации города Челябинска	18
Государственное бюджетное учреждение Республики Дагестан "Психоневрологический интернат "Милосердие"""	18
Государственное бюджетное учреждение Республики Дагестан "Буйнакская центральная городская больница"	17
Префектура Южного административного округа города Москвы	16
Государственное стационарное учреждение социального обслуживания Министерства труда и социального развития Республики Дагестан - Психоневрологический интернат "Милосердие"	15
администрация Шатурского муниципального района	15
федеральное государственное бюджетное образовательное учреждение высшего профессионального образования "Томский государственный университет систем управления и радиоэлектроники"	13
Краевое государственное бюджетное учреждение культуры "Государственный центр народного творчества Красноярского края"	13
Государственное  стационарное учреждение социального обслуживания Министерства труда и социального развития Республики Дагестан - Дом-интернат для престарелых и инвалидов "Казанищенский"	13
Государственный комитет Республики Башкортостан по размещению государственных заказов	13
МО "Хунзахский район"	12
Территориальное управление Федерального агентства по управлению государственным имуществом в Брянской области	12
Государственное бюджетное учреждение Республики Дагестан "Дом-интернат для престарелых и инвалидов "Казанищенский"	12
государственное бюджетное учреждение здравоохранения Республики Башкортостан Инфекционная клиническая больница № 4 города Уфа	12
федеральное казенное учреждение "5 отряд федеральной противопожарной службы Государственной противопожарной службы по Пермскому краю (договорной)"	11
Государственное казенное учреждение Республики Дагестан "Социально-реабилитационный центр для несовершеннолетних в муниципальном образовании "город Дербент"	11
Окружная администрация города Якутска	11
Муниципальное бюджетное учреждение "Управление жилищно-коммунального хозяйства города Буйнакска"	10
Местная администрация внутригородского муниципального образования Санкт-Петербурга муниципального округа Гагаринское	9
Федеральное государственное бюджетное учреждение науки "Институт токсикологии Федерального медико-биологического агентства"	9
федеральное бюджетное учреждение "Кадастровая палата" по Ленинградской области	9
комитет государственного заказа Правительства Хабаровского края	9
Муниципальное бюджетное общеобразовательное учреждение города Новосибирска "Средняя общеобразовательная школа № 76"	9
Краевое государственное бюджетное учреждение здравоохранения "Верхнебуреинский центр организации специализированных видов медицинской помощи" министерства здравоохранения Хабаровского края	9
государственное бюджетное учреждение Ростовской области "Наркологический диспансер"	8
Администрация Мостовского городского поселения Мостовского района Краснодарского края	8
Муниципальное бюджетное учреждение здравоохранения "Махачкалинский родильный дом №2"	8
Управление Федеральной службы по надзору в сфере защиты прав потребителей и благополучия человека по городу Санкт-Петербургу	8
Управление Пенсионного фонда Российской Федерации (государственное учреждение) в г. Кемерово и Кемеровском районе Кемеровской области (межрайонное)	8
Комитет по здравоохранению	8
Управление Министерства внутренних дел Российской Федерации по Камчатскому краю	8
Федеральное бюджетное учреждение здравоохранения "Центр гигиены и эпидемиологии в Приморском крае"	8
федеральное государственное бюджетное учреждение "Поликлиника Министерства сельского хозяйства Российской Федерации"	7
государственное областное бюджетное учреждение здравоохранения Солецкая центральная районная больница	7
Местная администрация муниципального образования Муниципальный округ Звездное	7
администрация городского поселения Федоровский	7
Государственное казенное учреждение Республики Дагестан "Республиканский психоневрологический диспансер"	7
Муниципальное учреждение Администрация города Орска	7
Общество с ограниченной ответственностью "Северо-Западный Удостоверяющий Центр"	7
местная Администрация муниципального образования муниципальный округ Сампсониевское	7
Администрация города Екатеринбурга	6
Администрация Абатского муниципального района	6
Государственное казенное учреждение Республики Дагестан "Агентство энергосбережения"	6
Министерство строительства и жилищно-коммунального хозяйства Республики Дагестан	6
муниципальное бюджетное общеобразовательное учреждение средняя общеобразовательная школа N 62	6
Государственное бюджетное учреждение Республики Дагестан "Буйнакский противотуберкулезный диспансер Министерства здравоохранения Республики Дагестан"	6
Государственное казенное учреждение Республики Дагестан "Республиканская психиатрическая больница г. Буйнакска"	6
Управление Министерства внутренних дел Российской Федерации по Приморскому району г. Санкт-Петербурга	5
федеральное государственное автономное научное учреждение "Центральный научно-исследовательский и опытно-конструкторский институт робототехники и технической кибернетики"	5
Муниципальное образовательное учреждение "Моркинская средняя (полная) общеобразовательная школа №1"	5
Администрация муниципального образования "Морозовское городское поселение Всеволожского муниципального района Ленинградской области"	5
Администрация городского округа город Воронеж	5
Муниципальное казенное образовательное учреждение школа-интернат для детей-сирот и детей, оставшихся без попечения родителей, "Кадеты Барабы" Барабинского района Новосибирской области	5
муниципальное казенное учреждение муниципального образования Щербиновский район "Служба строительного заказчика"	5
Федеральное государственное унитарное предприятие "Центральный научно-исследовательский институт конструкционных материалов "Прометей"	5
Управление Министерства внутренних дел Российской Федерации по Тульской области	5
Общество с ограниченной ответственностью Торговая Компания "Аркада"	4
Министерство здравоохранения Республики Дагестан	4
Муниципальное бюджетное общеобразовательное учреждение средняя общеобразовательная школа N72	4
Муниципальное учреждение "Комитет по управлению муниципальным имуществом Уйского муниципального района"	4
Муниципальное общеобразовательное учреждение "Коркатовский лицей"	4
Местная Администрация муниципального образования муниципального округа Аптекарский остров	4
Федеральное государственное бюджетное учреждение "Центральный научно-исследовательский институт травматологии и ортопедии имени Н.Н. Приорова" Министерства здравоохранения и социального развития Российской Федерации	4
Муниципальное казенное учреждение "Цунтаснаб"	4
Министерство внутренних дел по Чеченской Республике	4
Государственное бюджетное учреждение здравоохранения города Москвы "Московский научно-исследовательский институт организации здравоохранения и медицинской экологии Департамента здравоохранения города Москвы"	4
Государственное унитарное предприятие города Москвы "Гормедтехника"	4
Главное управление материальных ресурсов Челябинской области	4
общество с ограниченной ответственностью экспертно-консультационное бюро "Медиатор"	4
Администрация Новокачалинского сельского поселения Ханкайского муниципального района Приморского края	4
федеральное казенное учреждение "Исправительная колония № 25 Управления Федеральной службы исполнения наказаний по Кировской области"	4
министерство промышленности, торговли и развития предпринимательства Новосибирской области	3
Санкт-Петербургское государственное бюджетное учреждение здравоохранения "Бюро судебно-медицинской экспертизы"	3
УПРАВЛЕНИЕ ФЕДЕРАЛЬНОЙ СЛУЖБЫ РОССИЙСКОЙ ФЕДЕРАЦИИ ПО КОНТРОЛЮ ЗА ОБОРОТОМ НАРКОТИКОВ ПО РЕСПУБЛИКЕ ДАГЕСТАН	3
Российский фонд фундаментальных исследований	3
Муниципальное бюджетное общеобразовательное учреждение средняя общеобразовательная школа N 73	3
Отдел Министерства внутренних дел Российской Федерации по городу Железноводску	3
федеральное государственное унитарное предприятие "Строительно-монтажное управление №22 Федеральной службы исполнения наказаний"	3
Администрация Изобильненского муниципального района Ставропольского края	3
Отдел вневедомственной охраны Межмуниципального отдела Министерства внутренних дел Российской федерации "Чебаркульский" Челябинской области	3
Главное управление Министерства Российской Федерации по делам гражданской обороны, чрезвычайным ситуациям и ликвидации последствий стихийных бедствий по Тверской области	3
Местная администрация Муниципального образования Муниципального округа № 53	3
Администрация Гаврилово-Посадского муниципального района Ивановской области	3
Администрация муниципального района Похвистневский Самарской области	3
Муниципальное общеобразовательное учреждение "Шоруньжинская средняя (полная) общеобразовательная школа"	3
Главное управление Министерства внутренних дел Российской Федерации по Самарской области	3
Муниципальное казенное учреждение "Администрация Кулинского муниципального района" Республики Дагестан	3
Государственное бюджетное учреждение Республики Саха (Якутия) "Якутская городская больница №4"	3
Следственное управление Следственного комитета Российской Федерации по Иркутской области	3
муниципальное казенное учреждение "Администрация поселка Городищи Петушинского района Владимирской области"	3
муниципальное бюджетное дошкольное образовательное учреждение Центр развития ребенка - детский сад первой категории № 1 "Ромашка"	3
Муниципальное автономное учреждение "Центр лечебного и профилактического питания" городского округа город Уфа Республики Башкортостан	3
Местная администрация Муниципального образования Муниципальный округ Озеро Долгое	3
Администрация Калачевского городского поселения Калачевского муниципального района Волгоградской области	3
Администрация города Сергиев Посад Сергиево-Посадского муниципального района Московской области	3
Муниципальное бюджетное учреждение "Служба организации безопасности дорожного движения" городского округа "Город Калининград"	3
Федеральное государственное бюджетное учреждение науки Институт физической химии и электрохимии им. А.Н. Фрумкина Российской академии наук	3
управление делами Губернатора и Правительства Красноярского края	3
федеральное казенное учреждение здравоохранения "Центр восстановительной медицины и реабилитации "Озеро Долгое" Министерства внутренних дел Российской Федерации"	3
Министерство юстиции Республики Дагестан	3
федеральное государственное бюджетное образовательное учреждение высшего профессионального образования "Мичуринский государственный аграрный университет"	3
федеральное казенное учреждение "Исправительная колония № 1 Управления Федеральной службы исполнения наказаний по Чувашской Республике-Чувашии"	3
Муниципальное казенное учреждение "Служба единого заказчика Кемеровского муниципального района"	3
Местная Администрация внутригородского муниципального образования Санкт-Петербурга муниципального округа Константиновское	3
Санкт-Петербургское государственное бюджетное учреждение культуры "Государственный историко-художественный дворцово-парковый музей-заповедник "Гатчина"	3
Муниципальное бюджетное общеобразовательное учреждение средняя общеобразовательная школа N 41	3
Муниципальное казенное учреждение "Дирекция единого заказчика"	3
Администрация муниципального образования "Буйнакский район"	3
Администрация муниципального образования Крымский район	3
муниципальное бюджетное дошкольное образовательное учреждение детский сад общеразвивающего вида с приоритетным осуществлением деятельности по художественно-эстетическому направлению развития детей второй категории № 3 "Аленушка"	3
Местная администрация внутригородского Муниципального образования Санкт-Петербурга муниципальный округ Московская застава	3
Государственное бюджетное учреждение здравоохранения Калининградской области "Городская станция скорой медицинской помощи"	2
Федеральное государственное образовательное учреждение среднего профессионального образования "Петровский колледж"	2
Федеральное бюджетное учреждение науки "Екатеринбургский медицинский - научный центр профилактики и охраны здоровья рабочих промпредприятий" Федеральной службы по надзору в сфере защиты прав потребителей и благополучия человека	2
Юго-Западная база хранения ресурсов (филиал) федерального казенного учреждения "Северо-Кавказское окружное управление материально-технического снабжения Министерства внутренних дел Российской Федерации"	2
Областное казенное учреждение здравоохранения особого типа "Курский областной медицинский центр мобилизационных резервов "Резерв"	2
Администрация Белгородского района	2
федеральное казенное учреждение "Исправительная колония № 14 Управления Федеральной службы исполнения наказаний по Ханты-Мансийскому автономному округу - Югре"	2
администрация муниципального образования "Высоцкое городское поселение" Выборгского района Ленинградской области	2
Муниципальное бюджетное общеобразовательное учреждение средняя общеобразовательная школа N 6	2
Муниципальное бюджетное общеобразовательное учреждение средняя общеобразовательная школа N 9	2
Краевое государственное казенное учреждение "Кербинское лесничество"	2
Управление образования администрации Курахского района	2
Местная администрация города Зеленогорска	2
государственное бюджетное образовательное учреждение начального профессионального образования Ростовской области профессиональный лицей № 37 "Донсервис"	2
государственное бюджетное учреждение Краснодарского края "Центр спортивной подготовки по гребле на байдарках и каноэ"	2
федеральное казенное лечебно-профилактическое учреждение "Республиканская больница Главного управления Федеральной службы исполнения наказаний по Республике Башкортостан"	2
Областное бюджетное учреждение здравоохранения "Золотухинская центральная районная больница" комитета здравоохранения Курской области	2
Заречное муниципальное учреждение "Дирекция единого заказчика"	2
Комитет по управлению муниципальным имуществом и земельным отношениям Администрации Октябрьского районного муниципального образования Республики Калмыкия	2
следственное управление Следственного комитета Российской Федерации по Чувашской Республике	2
Федеральное государственное бюджетное учреждение "Российский научный центр рентгенорадиологии" Министерства здравоохранения и социального развития Российской Федерации	2
Федеральное государственное бюджетное учреждение "Российский научный центр хирургии имени академика Б.В. Петровского" Российской академии медицинских наук	2
Администрация рабочего поселка (поселка городского типа) Февральск Селемджинского района Амурской области	2
государственное казенное учреждение "Главное инвестиционно-строительное управление Республики Татарстан"	2
федеральное государственное бюджетное учреждение "Отряд технической службы федеральной противопожарной службы по Астраханской области"	2
Федеральное государственное казенное военное образовательное учреждение высшего профессионального образования "Пермский военный институт внутренних войск Министерства внутренних дел Российской Федерации"	2
государственное бюджетное учреждение здравоохранения Свердловской области "Свердловский областной центр по профилактике и борьбе со СПИД и инфекционными заболеваниями"	2
открытое акционерное общество "Чувашский государственный институт инженерно-технических изысканий"	2
муниципальное бюджетное общеобразовательное учреждение - Средняя общеобразовательная школа № 7 города Мценска	2
Местная администрация внутригородского муниципального образования Санкт-Петербурга муниципальный округ Введенский	2
Администрация Президента и Правительства Республики Дагестан	2
государственное бюджетное образовательное учреждение среднего профессионального образования Ставропольского края "Кисловодский медицинский колледж"	2
муниципальное бюджетное общеобразовательное учреждение средняя общеобразовательная школа № 5 муниципального образования Щербиновский район станица Старощербиновская	2
Государственное бюджетное учреждение здравоохранения города Москвы"Городская поликлиника №78 Департамента здравоохранения города Москвы"	2
федеральное казенное учреждение "Исправительная колония № 8 Главного управления Федеральной службы исполнения наказаний по Республике Коми"	2
Администрация муниципального образования Брюховецкий район	2
Государственное бюджетное учреждение "Пансионат ветеранов войны и труда"	2
Аппарат Государственного Собрания (Ил Тумэн) Республики Саха (Якутия)	2
Федеральное государственное бюджетное учреждение науки Институт автоматики и электрометрии Сибирского отделения Российской академии наук	2
Администрация муниципального образования "Рутульский район"	2
Министерство культуры Свердловской области	2
Администрация Пестяковского муниципального района Ивановской области	2
Муниципальное бюджетное общеобразовательное учреждение средняя общеобразовательная школа N 77	2
Местная Администрация муниципального образования муниципальный округ Посадский	2
федеральное казенное учреждение "Исправительная колония № 6 Управления Федеральной службы исполнения наказаний по Омской области"	2
Управление культуры администрации Саратовского муниципального района Саратовской области	2
Государственный комитет Республики Саха (Якутия) по размещению государственных заказов	2
Государственное бюджетное учреждение Республики Дагестан "Кизилюртовская центральная городская больница"	2
федеральное государственное казенное учреждение "Войсковая часть 35533"	2
Администрация Лежневского городского поселения Лежневского муниципального района Ивановской области	2
государственное бюджетное учреждение здравоохранения Астраханской области "Клинический родильный дом"	2
муниципальное бюджетное учреждение Басакинского сельского поселения Чернышковского муниципального района "Басакинское"	2
Муниципальное казенное учреждение Администрация муниципального образования город Нижний Тагил	2
Администрация Красногвардейского района Оренбургской области	2
федеральное казенное учреждение здравоохранения "Санаторий-профилакторий "Солнечный" внутренних войск Министерства внутренних дел Российской Федерации"	2
Государственное учреждение Центральная войсковая комендатура по материально-техническому обеспечению ГКВВ МВД России	2
Управление Министерства внутренних дел Российской Федерации по Калининградской области	2
Управление Министерства внутренних дел Российской Федерации по Чукотскому автономному округу	2
Администрация Нерльского городского поселения Тейковского муниципального района Ивановской области	2
Открытое акционерное общество "Российский Сельскохозяйственный банк"	2
муниципальное дошкольное образовательное учреждение "Детский сад N 30 "Сосенка"	2
Государственное бюджетное учреждение Республики Дагестан "Буйнакский межрайонный диагностический центр"	2
Муниципальное казенное учреждение городского округа Заречный "Дирекция единого заказчика"	2
Государственное бюджетное учреждение Республики Саха (Якутия) "Государственная противопожарная служба Республики Саха (Якутия)"	2
муниципальное образовательное учреждение средняя общеобразовательная школа № 79	2
Государственное учреждение - Управление Пенсионного фонда Российской Федерации в Солецком районе Новгородской области	2
Общество с ограниченной ответственностью "Госзаказчик.ру"	2
Управление Федеральной службы по надзору в сфере защиты прав потребителей и благополучия человека по Свердловской области	2
Администрация Мытищинского муниципального района	2
Администрация городского округа "город Южно-Сухокумск"	2
комитет здравоохранения Курской области	2
Федеральное бюджетное учреждение "Российский центр защиты леса"	2
Администрация Краснодарского края	2
муниципальное бюджетное общеобразовательное учреждение "Семиозерская основная общеобразовательная школа"	2
Открытое акционерное общество "Богдановичский комбикормовый завод"	2
Муниципальное казенное учреждение города Сочи "Управление капитального ремонта"	2
Администрация Приволжского муниципального района	2
Федеральное государственное бюджетное учреждение "Национальный парк "Русская Арктика"	2
Управление вневедомственной охраны при МВД по Чеченской Республике	2
муниципальное бюджетное дошкольное образовательное учреждение детский сад комбинированного вида № 56	2
Администрация Остаповского сельского поселения Шуйского муниципального района Ивановской области	2
Администрация Афипского городского поселения Северского района	2
Государственное бюджетное дошкольное образовательное учреждение детский сад № 144 присмотра и оздоровления Центрального района Санкт-Петербурга	2
Московско-Окское бассейновое водное управление Федерального агентства водных ресурсов	2
Общество с ограниченной ответственностью "АрбитражЮрФин консалтинг"	2
Волгоградская областная Дума	2
Местная Администрация Муниципального образования Муниципальный округ Дачное	1
Муниципальное бюджетное учреждение здравоохранения Ногликская центральная районная больница	1
министерство финансов Амурской области	1
Общество с ограниченной ответственностью "Универсал-торг"	1
федеральное государственное казенное учреждение "7 отряд федеральной противопожарной службы по Омской области"	1
Государственная инспекция труда в Хабаровском крае	1
Министерство промышленности и энергетики Чеченской Республики	1
Государственное бюджетное учреждение Республики Дагестан "Каспийская центральная городская больница"	1
федеральное государственное казенное образовательное учреждение высшего профессионального образования "Институт Федеральной службы безопасности Российской Федерации (г. Екатеринбург)"	1
Государственное бюджетное образовательное учреждение среднего профессионального образования Истринский профессиональный колледж Московской области	1
государственное учреждение - Управление Пенсионного фонда Российской Федерации в г.Волжске Республики Марий Эл	1
федеральное казенное учреждение "Краевая больница № 1 Главного управления Федеральной службы исполнения наказаний по Красноярскому краю"	1
Местная администрация муниципального образования муниципальный округ Коломна	1
муниципальное казенное учреждение муниципального образования Абинский район "Многофункциональный центр предоставления государственных и муниципальных услуг"	1
Краевое государственное казенное учреждение "Управление по делам гражданской обороны, чрезвычайным ситуациям и пожарной безопасности Хабаровского края"	1
Муниципальное казенное общеобразовательное учреждение "Черская средняя общеобразовательная школа" муниципального района "Нижнеколымский район"	1
отраслевой (функциональный) орган администрации Таштагольского муниципального района - муниципальное казенное учреждение "Управление образования администрации Таштагольского муниципального района"	1
государственное бюджетное образовательное учреждение начального профессионального образования "Профессиональное училище № 35"	1
Администрация муниципального образования сельского поселения "Илькинское" Заиграевского района Республики Бурятия	1
Муниципальное казенное учреждение образования "Управление по обеспечению деятельности образовательных учреждений Новосергиевского района Оренбургской области"	1
Государственное бюджетное дошкольное образовательное учреждение детский сад № 22 комбинированного вида Курортного района Санкт-Петербурга	1
Муниципальное бюджетное общеобразовательное учреждение - средняя общеобразовательная школа № 10 х.Новосадковский	1
федеральное государственное казенное военное образовательное учреждение высшего профессионального образования "Военная академия воздушно-космической обороны имени Маршала Советского Союза Г.К. Жукова" Министерства обороны Российской Федерации	1
государственное бюджетное образовательное учреждение дополнительного образования детей Воронежской области "Специализированная детско-юношеская спортивная школа олимпийского резерва по волейболу"	1
Государственное бюджетное учреждение здравоохранения "Брянская городская больница №4"	1
администрация муниципального образования Балтийского сельсовета Курского района Ставропольского края	1
Государственное казенное учреждение Краснодарского края "Автобаза органов государственной власти Краснодарского края"	1
Администрация Новогоряновского сельского поселения Тейковского муниципального района Ивановской области	1
Администрация Распопинского сельского поселения Клетского муниципального района Волгоградской области	1
муниципальное бюджетное учреждение здравоохранения "Городская поликлиника № 41 города Ростова-на-Дону"	1
Государственное казенное учреждение города Москвы "Дирекция заказчика жилищно-коммунального хозяйства и благоустройства Юго-Западного административного округа"	1
Администрация сельского поселения Квашёнковское Талдомского муниципального района Московской области	1
федеральное казенное учреждение "Исправительная колония № 10 Управления Федеральной службы исполнения наказаний по Тверской области"	1
Территориальная комиссия Пригородного района по делам несовершеннолетних и защите их прав	1
Управление Федеральной службы безопасности Российской Федерации по Алтайскому краю	1
государственое бюджетное учреждение здравоохранения Республики Башкортостан центральная Баймакская центральная городская больница	1
государственное бюджетное учреждение здравоохранения Новосибирской области "Кочковская центральная районная больница"	1
государственное казенное учреждение социального обслуживания Краснодарского края "Краевой психолого-методический центр"	1
государственное учреждение - Управление Пенсионного фонда Российской Федерации в городе Ханты-Мансийске Ханты-Мансийского автономного округа - Югры	1
федеральное государственное казенное образовательное учреждение "Первый пограничный кадетский корпус Федеральной службы безопасности Российской Федерации"	1
войсковая часть 44231	1
Открытое акционерное общество "Проектно-изыскательский и научно-исследовательский институт воздушного транспорта "Ленаэропроект"	1
Администрация муниципального района "Город Валуйки и Валуйский район" Белгородской области	1
федеральное казенное учреждение "Исправительная колония № 3 Управления Федеральной службы исполнения наказаний по Калужской области"	1
Государственное казенное учреждение "Шадринский областной наркологический диспансер"	1
федеральное казенное учреждение здравоохранения "Медико-санитарная часть Министерства внутренних дел Российской Федерации по Тульской области"	1
Федеральное государственное бюджетное учреждение детский туберкулезный санаторий "Кирицы" Министерства здравоохранения и социального развития Российской Федерации	1
следственное управление Следственного комитета Российской Федерации по Республике Татарстан	1
Отдел вневедомственной охраны Отдела Министерства внутренних дел Российской Федерации по городу Мегиону	1
Управление Пенсионного фонда Российской Федерации (государственное учреждение) в Киренском районе Иркутской области	1
Администрация Куликовского сельского поселения Калачинского муниципального района Омской области	1
Местная администрация внутригородского муниципального образования Санкт-Петербурга муниципального округа Балканский	1
Управление образования администрации МО "Жигаловский район"	1
Общество с ограниченной ответственностью "АСТ-Консалтинг-Специализированная организация"	1
Администрация Старощербиновского сельского поселения Щербиновского района	1
федеральное государственное учреждение "Государственный научно-исследовательский институт информационных технологий и телекоммуникаций"	1
муниципальное казенное дошкольное образовательное учреждение города Новосибирска "Детский сад № 426 комбинированного вида"	1
Муниципальное бюджетное дошкольное образовательное учреждение детский сад № 13 "Журавушка" с корпусом № 2 "Чебурашка"	1
Федеральное бюджетное учреждение здравоохранения "Центр гигиены и эпидемиологии в Саратовской области"	1
Муниципальное учреждение здравоохранения "Кабанская центральная районная больница"	1
Государственное бюджетное учреждение "Редакция газеты "Рассвет"	1
Чебоксарский городской комитет по управлению имуществом	1
Муниципальное дошкольное образовательное учреждение детский сад №38 комбинированного вида	1
Санкт-Петербургское государственное бюджетное образовательное учреждение дополнительного образования детей "Детская художественная школа № 3"	1
федеральное казенное учреждение "Центр хозяйственного и сервисного обеспечения Управления Министерства внутренних дел Российской Федерации по Вологодской области"	1
Федеральное государственное бюджетное учреждение "Новосибирский научно-исследовательский институт травматологии и ортопедии" Министерства здравоохранения и социального развития Российской Федерации	1
Администрация муниципального образования Тихорецкий район	1
Государственное учреждение здравоохранения "Абалахский республиканский Центр восстановительной медицины и реабилитации" Министерства здравоохранения Республики Саха (Якутия)	1
Местная Администрация муниципального образования муниципальный округ Владимирский округ	1
Муниципальное общеобразовательное учреждение "Талицкая средняя общеобразовательная школа N 1"	1
Администрация муниципального образования Кандалакшский район	1
Махачкалинский филиал федерального государственного бюджетного образовательного учреждения высшего профессионального образования "Московский автомобильно-дорожный государственный технический университет (МАДИ)"	1
Департамент жилищно-коммунального хозяйства и энергетики города Ростова-на-Дону	1
Государственное образовательное учреждение "Учебно-методический центр по информационно-аналитической работе"	1
Департамент физической культуры и спорта города Москвы	1
Комитет по народному образованию администрации Солнечногорского муниципального района	1
Войсковая часть 3701	1
федеральное казенное учреждение "Исправительная колония № 6 Управления Федеральной службы исполнения наказаний по Республике Марий Эл"	1
Федеральное государственное унитарное предприятие "СВЯЗЬ - безопасность"	1
Управление по размещению государственного заказа Пензенской области	1
Администрация Кинешемского муниципального района	1
Администрация муниципального образования Орловский сельсовет Кировского района Ставропольского края	1
государственное бюджетное учреждение Краснодарского края "Павловская зональная ветеринарная лаборатория"	1
Федеральное бюджетное учреждение науки "Омский научно-исследовательский институт природно-очаговых инфекций"	1
федеральное казенное лечебно-профилактическое учреждение "Областная туберкулезная больница № 1 Управления Федеральной службы исполнения наказаний по Саратовской области"	1
Государственное бюджетное образовательное учреждение Республики Марий Эл "Центр психолого-педагогической реабилитации и коррекции, подготовки семей для принятия детей и их профессионального сопровождения "Детство"	1
Администрация муниципального образования Сосновское сельское поселение муниципального образования Приозерский муниципальный район Ленинградской области	1
Комитет по транспорту	1
Управление по размещению заказа для муниципальных нужд администрации муниципального образования город Краснодар	1
администрация муниципального образования села Рагули Апанасенковского района Ставропольского края	1
Открытое акционерное общество "Головной проектный институт гражданского строительства, планировки и застройки городских и сельских поселений Чувашской Республики "Чувашгражданпроект"	1
комитет государственного заказа Тульской области	1
Муниципальное бюджетное дошкольное образовательное учреждение детский сад "Росинка"	1
Префектура Юго-Восточного административного округа города Москвы	1
Следственное управление Следственного комитета Российской Федерации по Челябинской области	1
государственное учреждение - Управление Пенсионного фонда Российской Федерации по городу-курорту Кисловодску Ставропольского края	1
Вятский район водных путей и судоходства -филиал Федерального бюджетного учреждения "Волжское государственное бассейновое управление водных путей и судоходства"	1
Инспекция Федеральной налоговой службы по г. Смоленску	1
Муниципальное бюджетное учреждение здравоохранения Городская клиническая больница № 3	1
Местная Администрация Муниципального образования поселок Александровская	1
государственное казенное учреждение Республиканский центр по обеспечению граждан средствами реабилитации и санаторно-курортными путевками	1
Муниципальное учреждение "Администрация Паницкого муниципального образования Красноармейского муниципального района Саратовской области"	1
федеральное казенное учреждение "Лечебное исправительное учреждение № 4 Управления Федеральной службы исполнения наказаний по Удмуртской Республике"	1
управление социальной защиты населения Целинского района Ростовской области	1
Министерство здравоохранения Московской области	1
муниципальное казенное учреждение культуры "Культурно-досуговый центр" муниципального образования Степновского сельсовета Степновского района Ставропольского края	1
администрация муниципального образования город Новоалександровск Новоалександровского района Ставропольского края	1
федеральное бюджетное учреждение "Кадастровая палата" по Республике Башкортостан	1
муниципальное казенное общеобразовательное учреждение гимназия "Еврогимназия"	1
Муниципальное учреждение здравоохранения "Центральная районная больница" Матвеево-Курганского района Ростовской области	1
Администрация муниципального образования "Багратионовское городское поселение"	1
муниципальное бюджетное учреждение "Центр муниципальных информационных ресурсов и технологий"	1
Федеральное государственное унитарное предприятие "Предприятие по производству бактерийных и вирусных препаратов Института полиомиелита и вирусных энцефалитов им. М.П.Чумакова РАМН"	1
Администрация Ретюнского сельского поселения Лужского муниципального района Ленинградской области	1
Муниципальное учреждение здравоохранения "Центральная районная больница" Усманского района Липецкой области	1
федеральное государственное казенное образовательное учреждение высшего профессионального образования "Краснодарский университет Министерства внутренних дел Российской Федерации"	1
Правительство Нижегородской области	1
муниципальное бюджетное общеобразовательное учреждение средняя общеобразовательная школа № 13 муниципального образования Щербиновский район поселок Щербиновский	1
государственное бюджетное образовательное учреждение среднего профессионального образования Архангельской области "Березниковский индустриальный техникум"	1
департамент по охране и использованию культурного наследия (памятников истории и культуры) Чеченской Республики министерства культуры Чеченской Республики	1
Управление записи актов гражданского состояния Краснодарского края	1
Государственное бюджетное учреждение здравоохранения города Москвы "Родильный дом № 15 Департамента здравоохранения города Москвы"	1
Министерство образования Пермского края	1
Муниципальное бюджетное учреждение "Отдел капитального строительства администрации городского округа "город Избербаш"	1
Управление Судебного департамента в Краснодарском крае	1
Государственное учреждение здравоохранения города Москвы "Городская больница № 49 Управления здравоохранения Юго-Восточного административного округа города Москвы"	1
муниципальное бюджетное дошкольное образовательное учреждение центр развития ребенка - детский сад № 9 муниципального образования Щербиновский район станица Старощербиновская	1
комитет по развитию инфраструктуры администрации городского округа "Город Чита"	1
Федеральное государственное казенное учреждение "Войсковая часть 71330"	1
Государственное бюджетное учреждение социального обслуживания населения Свердловской области "Комплексный центр социального обслуживания населения Артемовского района"	1
Администрация городского поселения поселок Поназырево Поназыревского муниципального района Костромской области	1
федеральное казенное учреждение "Исправительная колония № 5 Управления Федеральной службы исполнения наказаний по Калужской области"	1
муниципальное бюджетное дошкольное образовательное учреждение "Центр развития ребёнка - детский сад "Родничок"	1
Администрация Долдыканского сельсовета	1
Открытое акционерное общество "Издательско-полиграфическое предприятие "Уральский рабочий"	1
муниципальное бюджетное общеобразовательное учреждение "Средняя общеобразовательная школа № 1"	1
Государственное бюджетное учреждение здравоохранения Пермского края "Краевой противотуберкулезный диспансер N9"	1
администрация Ногинского муниципального района Московской области	1
федеральное государственное казенное учреждение "Войсковая часть 45187"	1
государственное бюджетное учреждение здравоохранения Республики Башкортостан Городская больница города Салават	1
муниципальное бюджетное общеобразовательное учреждение гимназия № 76 Ворошиловского района города Ростова-на-Дону	1
Управление по размещению госзаказа Липецкой области	1
Муниципальное бюджетное учреждение "Центральная городская больница" города Железнодорожного	1
Следственный комитет Российской Федерации	1
Департамент комплексного развития курортов и туризма Краснодарского края	1
Министерство внутренних дел по Республике Дагестан	1
муниципальное бюджетное дошкольное образовательное учреждение центр развития ребенка - детский сад № 5 муниципального образования Щербиновский район станица Старощербиновская	1
Федеральное государственное учреждение культуры "Государственный Эрмитаж"	1
Муниципальное казенное учреждение "Управление имущественных и земельных отношений городского округа "город Буйнакск"	1
Муниципальное учреждение Администрация Чепецкого сельского поселения Зуевского района Кировской области	1
Управление Федеральной службы исполнения наказаний по Сахалинской области	1
Управление образованием администрации муниципального образования Тбилисский район	1
Государственное бюджетное дошкольное образовательное учреждение детский сад № 27 общеразвивающего вида Петродворцового района Санкт-Петербурга	1
Администрация городского поселения - город Богучар Богучарского муниципального района Воронежской области	1
Государственное бюджетное учреждение здравоохранения города Москвы "Медико-санитарная часть №51 Департамента здравоохранения города Москвы"	1
Администрация города Ноябрьска	1
Санкт-Петербургское государственное бюджетное учреждение здравоохранения "Городская больница №15"	1
Администрация муниципального образования Абинский район	1
Администрация Локомотивного городского округа Челябинской области	1
государственное бюджетное учреждение здравоохранения Архангельской области "Первая городская клиническая больница имени Е.Е. Волосевич"	1
Межрайонная инспекция Федеральной налоговой службы № 10 по Красноярскому краю	1
Управление Пенсионного фонда Российской Федерации (государственное учреждение) в Успенском районе Краснодарского края	1
муниципальное бюджетное учреждение здравоохранения "Центральная районная больница" администрации муниципального образования Павловский район	1
федеральное казенное учреждение "Жилищно-коммунальное управление Управления Федеральной службы исполнения наказаний по г. Санкт-Петербургу и Ленинградской области"	1
Хозяйственное управление при Кабинете Министров Республики Татарстан	1
Муниципальное казеннное учреждение культуры "Централизованная библиотечная система Златоустовского городского округа"	1
Государственное бюджетное дошкольное образовательное учреждение детский сад № 112 комбинированного вида Выборгского района Санкт-Петербурга	1
Муниципальное бюджетное учреждение здравоохранения "Чайковская центральная городская больница"	1
федеральное казенное учреждение "Жилищно-коммунальное управление Управления Федеральной службы исполнения наказаний по Рязанской области"	1
федеральное казенное учреждение "Исправительная колония № 2 Главного управления Федеральной службы исполнения наказаний по Нижегородской области"	1
государственное бюджетное образовательное учреждение дополнительного образования детей Воронежской области "Специализированная детско-юношеская спортивная школа олимпийского резерва по футболу "Факел"	1
муниципальное бюджетное общеобразовательное учреждение Авило-Успенская средняя общеобразовательная школа	1
муниципальное казенное образовательное учреждение "Средняя общеобразовательная школа № 3 г. Калача-на-Дону" Калачевского муниципального района Волгоградской области	1
Администрация муниципального образования муниципального округа Светлановское	1
Государственное учреждение ветеринарии Московской области "Лотошинская районная станция по борьбе с болезнями животных"	1
Федеральное государственное учреждение "Научно-исследовательский центр курортологии и реабилитации Федерального медико-биологического агентства"	1
Калининградский филиал федерального государственного бюджетного образовательного учреждения высшего профессионального образования "Санкт-Петербургский Государственный аграрный университет"	1
Муниципальное образовательное учреждение "Моркинская средняя (полная) общеобразовательная школа №2"	1
Общество с ограниченной ответственностью "Центр конкурсных технологий"	1
Комитет по управлению имуществом Озерского муниципального района	1
Муниципальное общеобразовательное учреждение "Моркинская средняя (полная) общеобразовательная школа №6"	1
федеральное казенное учреждение "Исправительная колония № 3 Управления Федеральной службы исполнения наказаний по Тамбовской области"	1
Государственное бюджетное учреждение Курганской области "Курганский лесопожарный центр"	1
федеральное государственное бюджетное учреждение "Управление мелиорации земель и сельскохозяйственного водоснабжения по Республике Татарстан"	1
Государственное учреждение социального обслуживания Булунский центр социально-бытового обслуживания"	1
администрация Безменовского сельсовета Черепановскогорайона Новосибирской области	1
Муниципальное бюджетное дошкольное образовательное учреждение детский сад комбинированного вида № 34	1
государственное учреждение-Управление Пенсионного фонда Российской Федерации по г. Кисловодску Ставропольского края	1
администрация Находкинского городского округа	1
государственное учреждение - Управление Пенсионного фонда Российской Федерации в Бологовском районе Тверской области	1
Управление социальной защиты населения Троицкого и Новомосковского административных округов города Москвы	1
Государственное учреждение - Управление Пенсионного фонда Российской Федерации в Петровском районе Саратовской области	1
Новороссийская больница Федерального государственного бюджетного учреждения здравоохранения "Южный окружной медицинский центр Федерального медико-биологического агентства"	1
Федеральное государственное бюджетное учреждение науки Институт химии и химической технологии Сибирского отделения Российской академии наук	1
Учреждение Российской академии наук Физико-технический институт им. А.Ф. Иоффе РАН	1
Нефтеюганское районное муниципальное дошкольное образовательное бюджетное учреждение "Детский сад комбинированного вида "Солнышко"	1
федеральное государственное бюджетное образовательное учреждение высшего профессионального образования "Тольяттинский государственный университет"	1
Администрация Богородского района Нижегородской области	1
Кировское областное государственное казенное учреждение Центр занятости населения города Кирова	1
Муниципальное бюджетное образовательное учреждение дополнительного образования детей "Детская музыкальная школа №2" г. Пензы	1
государственное бюджетное образовательное учреждение дополнительного образования детей Воронежской области "Специализированная детско-юношеская спортивная школа олимпийского резерва № 33"	1
государственное бюджетное учреждение культуры "Научно-производственный центр по охране, учету и реставрации памятников истории и культуры Калининградской области"	1
Управление Федеральной службы государственной регистрации, кадастра и картографии по Краснодарскому краю	1
Федеральное государственное бюджетное учреждение "Дагестанский республиканский центр по гидрометеорологии и мониторингу окружающей среды"	1
государственное бюджетное учреждение здравоохранения "Медицинский информационно-аналитический центр" департамента здравоохранения Краснодарского края	1
муниципальное казенное образовательное учреждение "Ляпичевская средняя общеобразовательная школа" Калачевского муниципального района Волгоградской области	1
Управление по размещению муниципального заказа Администрации города Димитровграда Ульяновской области	1
отдел федерального казенного учреждения "Управление по обеспечению деятельности оперативных подразделений Федеральной службы исполнения наказаний" по Карачаево-Черкесской Республике	1
федеральное казенное учреждение "Жилищно-коммунальное управление Главного управления Федеральной службы исполнения наказаний по Новосибирской области"	1
Центр специальной связи и информации Федеральной службы охраны Российской Федерации в Челябинской области	1
МО "сельсовет Батлаичинский" Хунзахского района	1
федеральное государственное казенное учреждение "Пограничное управление Федеральной службы безопасности Российской Федерации по Кабардино-Балкарской Республике"	1
Федеральное бюджетное учреждение здравоохранения "Центр гигиены и эпидемиологии в Мурманской области"	1
Санкт-Петербургское государственное бюджетное учреждение здравоохранения "Детская городская поликлиника № 68"	1
Управление Федеральной службы Российской Федерации по контролю за оборотом наркотиков по Ивановской области	1
Конкурсное агентство Калининградской области	1
федеральное государственное казенное учреждение "4 Центральный научно-исследовательский институт" Министерства обороны Российской Федерации	1
государственное бюджетное учреждение Архангельской области "Региональная транспортная служба"	1
Администрация Таманского сельского поселения Темрюкского района	1
Федеральное казенное образовательное учреждение среднего профессионального образования "Оренбургский государственный экономический колледж-интернат" Министерства труда и социальной защиты Российской Федерации	1
Санкт-Петербургское государственное бюджетное образовательное учреждение дополнительного образования детей "Детская музыкальная школа № 22"	1
Управление Судебного департамента в Пензенской области	1
Государственное казенное учреждение Волгоградской области "Жирновское лесничество"	1
Администрация поселения Ботановское	1
Государственное автономное учреждение здравоохранения "Республиканский клинический противотуберкулезный диспансер"	1
Муниципальное учреждение культуры "Районный организационно-методический центр" Саратовского муниципального района Саратовской области	1
муниципальное бюджетное дошкольное образовательное учреждение детский сад общеразвивающего вида с приоритетным осуществлением деятельности по художественно-эстетическому направлению развития детей "Алёнушка"	1
государственное казенное образовательное учреждение для детей-сирот и детей оставшихся без попечения родителей, специальный (коррекционный) детский дом для детей с ограниченными возможностями здоровья "Рождественский" Краснодарского края	1
МО "село Орота" Хунзахского района	1
муниципальное бюджетное дошкольное образовательное учреждение муниципального образования город Краснодар "Детский сад комбинированного вида № 128"	1
государственное казенное образовательное учреждение Ростовской области для детей-сирот и детей, оставшихся без попечения родителей, детский дом №3 г.Шахты	1
государственное бюджетное стационарное учреждение социального обслуживания Московской области "Социально-оздоровительный центр "Акрихин-Здоровье"	1
Государственное учреждение здравоохранения города Москвы "Станция переливания крови Департамента здравоохранения города Москвы"	1
Учреждение Российской академии наук Институт проблем безопасного развития атомной энергетики РАН	1
Следственное управление Следственного комитета Российской Федерации по Ленинградской области	1
Министерство здравоохранения Республики Татарстан	1
Муниципальное общеобразовательное учреждение "Бебелевская средняя общеобразовательная школа" муниципального района "Ферзиковский район" Калужской области	1
Муниципальное казенное учреждение "Автовский Центр благоустройства и социального развития"	1
Челябинский областной суд	1
государственное бюджетное учреждение Ростовской области "Специализированная больница восстановительного лечения № 2" в г. Новошахтинске	1
Объединенный Арктический авиационный отряд Федеральной службы безопасности Российской Федерации	1
муниципальное бюджетное общеобразовательное учреждение "Коробицынская средняя общеобразовательная школа"	1
Государственное бюджетное учреждение здравоохранения города Москвы "Научно-исследовательский институт скорой помощи им. Н.В. Склифосовского Департамента здравоохранения города Москвы"	1
Управление Федеральной службы безопасности Российской Федерации по Мурманской области	1
Государственное бюджетное специальное (коррекционное) образовательное учреждение для обучающихся, воспитанников с ограниченными возможностями здоровья специальная (коррекционная) общеобразовательная школа (VIII вида) № 18 Центрального района Санкт-Петербурга	1
Государственное бюджетное учреждение Курганской области "Многофункциональный центр по предоставлению государственных и муниципальных услуг"	1
Федеральное государственное образовательное учреждение среднего профессионального образования "Новороссийский колледж радиоэлектронного приборостроения"	1
Федеральное государственное бюджетное учреждение "Государственный научный центр "Институт иммунологии" Федерального медико-биологического агентства	1
муниципальное образовательное учреждение "Селивановская средняя образовательная школа № 28"	1
Управление Пенсионного фонда Российской Федерации (государственное учреждение) в городе Щекино и Щекинском районе Тульской области	1
Эксплуатационно-технический центр при Министерстве внутренних дел по Республике Башкортостан	1
Государственное бюджетное учреждение Республики Дагестан "Республиканская офтальмологическаябольница им. Х.П.Булача"	1
муниципальное бюджетное дошкольное образовательное учреждение детский сад комбинированного вида №62 "Журавушка"	1
Департамент экономики Орловской области	1
администрация Новоалександровского муниципального района Ставропольского края	1
Управление Министерства внутренних дел Российской Федерации по Оренбургской области	1
Управление по обеспечению деятельности мировых судей в Курганской области	1
Аппарат Государственной Думы Федерального Собрания Российской Федерации	1
Федеральное бюджетное учреждение науки "Северо-Западный научный центр гигиены и общественного здоровья"	1
федеральное казенное учреждение "Центр хозяйственного и сервисного обеспечения Министерства внутренних дел по Республике Башкортостан"	1
Муниципальное учреждение "Спортивно-оздоровительный центр "Луч"	1
Государственное бюджетное учреждение здравоохранения города Москвы "Городская клиническая больница № 51 Департамента здравоохранения города Москвы"	1
бюджетное учреждение здравоохранения Удмуртской Республики "Первая республиканская клиническая больница Министерства здравоохранения Удмуртской Республики"	1
Управление Министерства внутренних дел Российской Федерации по городу Сургуту	1
Муниципальное бюджетное дошкольное образовательное учреждение детский сад общеразвивающего вида с приоритетным осуществлением деятельности по познавательно-речевому направлению развития детей № 20 "Зоренька"	1
комитет по управлению имуществом администрации городского округа "Город Чита"	1
Государственное бюджетное общеобразовательное учреждение средняя общеобразовательная школа № 411 "Гармония" с углубленным изучением английского языка Петродворцового района Санкт-Петербурга	1
федеральное казенное учреждение здравоохранения "Санаторий "Лесное озеро" Министерства внутренних дел Российской Федерации"	1
Муниципальное бюджетное дошкольное образовательное учреждение - детский сад комбинированного вида № 50 "Тополек" г. Балаково Саратовской области	1
Государственное бюджетное дошкольное образовательное учреждение детский сад № 13 общеразвивающего вида с приоритетным осуществлением познавательно-речевого развития воспитанников Петродворцового района Санкт-Петербурга	1
Администрация муниципального образования "Шамильский район"	1
Администрация Российского сельского поселения Вяземского района Смоленской области	1
государственное учреждение - Управление Пенсионного фонда Российской Федерации в Зубцовском районе Тверской области	1
Общество с ограниченной ответственностью "Стройком-97"	1
федеральное казенное учреждение "Уголовно-исполнительная инспекция  Главного управления Федеральной службы исполнения наказаний по Республике Башкортостан"	1
государственное учреждение - Управление Пенсионного фонда Российской Федерации в Пестречинском районе Республики Татарстан	1
Муниципальное бюджетное общеобразовательное учреждение лицей N 82	1
Администрация Крапивновского сельского поселения Тейковского муниципального района Ивановской области	1
Главное управление государственного заказа Смоленской области	1
государственное бюджетное учреждение социального обслуживания Краснодарского края "Усть-Лабинский комплексный центр социального обслуживания населения "Рассвет"	1
департамент экономического развития, промышленности и торговли Костромской области	1
Местная администрация муниципального образования муниципальный округ Рыбацкое	1
Администрация Хасанского муниципального района	1
Местная администрация муниципального образования муниципальный округ N 7	1
государственное казенное учреждение Краснодарского края "Краснодарская краевая аварийно-спасательная служба "Кубань-СПАС"	1
муниципальное бюджетное учреждение здравоохранения Городская клиническая больница № 3	1
Межрайонная инспекция Федеральной налоговой службы № 5 по Оренбургской области	1
Государственное учреждение города Москвы "Управление здравоохранения Юго-Западного административного округа города Москвы" Департамента здравоохранения города Москвы	1
федеральное государственное казенное учреждение "Войсковая часть 54729"	1
Департамент финансов Администрации городского округа Самара	1
Государственное бюджетное учреждение здравоохранения Сахалинской области "Городская поликлиника № 7 города Южно-Сахалинска"	1
Управление Федеральной службы безопасности Российской Федерации по Республике Карелия	1
Федеральное бюджетное учреждение "Государственный региональный центр стандартизации, метрологии и испытаний в Нижегородской области"	1
Федеральное бюджетное учреждение здравоохранения "Центр гигиены и эпидемиологии в Ульяновской области"	1
Государственное учреждение "Отряд технической службы федеральной противопожарной службы по Ульяновской области"	1
Межрайонная инспекция Федеральной налоговой службы № 3 по Курганской области	1
Муниципальное казенное учреждение "Управление образованием города Буйнакска"	1
Отдел Министерства внутренних дел Российской Федерации по Щербиновскому району (дислокация ст.Старощербиновская)	1
администрация муниципального образования Кореновский район	1
Межрайонное отделение вневедомственной охраны отдела Министерства внутренних дел Российской Федерации по Левашинскому району	1
федеральное государственное учреждение "Аналитический центр при Правительстве Российской Федерации"	1
Государственное бюджетное учреждение здравоохранения города Москвы "Диагностический клинический центр № 1 Департамента здравоохранения города Москвы"	1
государственное бюджетное учреждение Комплексный центр социального обслуживания населения Зианчуринского района Республики Башкортостан	1
Академия наук Республики Татарстан	1
Государственный комитет Республики Карелия по управлению государственным имуществом и размещению заказов для государственных нужд	1
Управление Пенсионного фонда Российской Федерации (государственное учреждение) в Вурнарском районе Чувашской Республики - Чувашии	1
Бюджетное учреждение Ханты-Мансийского автономного округа - Югры "Управление капитального строительства"	1
Гуковский филиал государственного бюджетного учреждения Ростовской области "Наркологический диспансер"	1
муниципальное бюджетное учреждение "Дорремстрой"	1
Государственное бюджетное учреждение здравоохранения Пермского края "Краевой противотуберкулезный диспансер №2"	1
государственное бюджетное учреждение здравоохранения Свердловской области "Городская больница № 3 город Первоуральск"	1
Муниципальное учреждение здравоохранения "Мухоршибирская центральная районная больница"	1
Администрация муниципального образования город Новороссийск	1
Государственное бюджетное учреждение социального обслуживания Московской области "Орехово-Зуевский районный комплексный центр социального обслуживания населения "Надежда"	1
Управление Судебного департамента в Ростовской области	1
Местная Администрация внутригородского муниципального образования Санкт-Петербурга муниципальный округ № 75	1
Муниципальное общеобразовательное учреждение "Аринская средняя (полная) общеобразовательная школа"	1
Местная администрация муниципального округа Пулковский меридиан	1
Муниципальное бюджетное лечебно-профилактическое учреждение здравоохранения "Городская детская поликлиника"	1
государственное казенное учреждение Воронежской области Центр занятости населения Острогожского района	1
Муниципальное казенное образовательное учреждение "Средняя общеобразовательная школа №5 с.Терезе" им.Героя России Чочуева Х.А.	1
Территориальный орган Федеральной службы государственной статистики по Удмуртской Республике	1
Отдел муниципального заказа администрации Сергиево-Посадского муниципального района Московской области	1
муниципальное бюджетное учреждение "Культурно-спортивный комплекс "Романтик""" городского поселения Коммунистический	1
Местная администрация внутригородского Муниципального образования Санкт-Петербурга муниципальный округ Полюстрово	1
Государственное бюджетное учреждение Республики Дагестан "Комплексный центр социального обслуживания населения в муниципальном образовании "Буйнакский район"	1
Тульский областной суд	1
Муниципальное бюджетное образовательное учреждение "Средняя общеобразовательная школа с углубленным изучением отдельных предметов N2 города Буйнакска"	1
государственное бюджетное учреждение Ростовской области "Областной консультативно-диагностический центр"	1
Муниципальное бюджетное образовательное учреждение "Средняя общеобразовательная школа N9 города Буйнакска"	1
Администрация Новогоркинского сельского поселения Лежневского муниципального района Ивановской области	1
Общество с ограниченной ответственностью "Межрегиональный тендерный центр"	1
муниципальное бюджетное общеобразовательное учреждение "Средняя общеобразовательная школа № 32" города Перми	1
Управление социальной защиты населения в муниципальном образовании "город Буйнакск"	1
Государственное учреждение здравоохранения Московская областная психоневрологическая больница № 4	1
Государственное бюджетное дошкольное образовательное учреждение детский сад комбинированного вида Центрального района Санкт-Петербурга "Радуга"	1
Санкт-Петербурское государственное казенное учреждение "Центральный государственный архив документов по личному составу ликвидированных государственных предприятий, учреждений, организаций Санкт-Петербурга"	1
Комитет по образованию администрации Калачевского муниципального района Волгоградской области	1
Общество с ограниченной ответственностью "ВИРА О"	1
Учреждение Российской академии наук Институт спектроскопии РАН	1
Клиника ГБОУ ВПО "Челябинская государственная медицинская академия" Министерства здравоохранения и социального развития Российской Федерации	1
Межрайонная инспекция Федеральной налоговой службы № 9 по Рязанской области	1
Федеральное бюджетное  учреждение здравоохранения "Центр гигиены и эпидемиологии в Республике Коми"	1
Государственное казенное учреждение "Дирекция по обеспечению деятельности государственных учреждений здравоохранения Юго-Западного административного округа города Москвы"	1
Поселковая администрация муниципального образования "Поселок Клетня"	1
Муниципальное учреждение "Цунтаснаб"	1
муниципальное бюджетное образовательное учреждение дополнительного образования детей Анастасиевская детско-юношеская спортивная школа	1
Санкт-Петербургское государственное бюджетное образовательное учреждение дополнительного образования детей "Детская школа искусств" Красносельского района	1
муниципальное бюджетное общеобразовательное учреждение средняя общеобразовательная школа № 2 муниципального образования Щербиновский район станица Старощербиновская	1
государственное учреждение - Межмуниципальный отдел Министерства внутренних дел Российской Федерации "Шимановский" (реализующий задачи и функции органов внутренних дел на территории города Шимановска и Шимановского района Амурской области)	1
муниципальное бюджетное дошкольное образовательное учреждение детский сад № 11 комбинированного вида муниципального образования Щербиновский район станица Новощербиновская	1
федеральное государственное казенное учреждение "Войсковая часть 43753"	1
Администрация Новокубанского городского поселения Новокубанского района	1
Управление Федеральной налоговой службы по Республике Дагестан	1
Финансовое управление Чагодощенского муниципального района	1
Администрация муниципального образования "Кюндядинский наслег" Нюрбинского района Республики Саха (Якутия)	1
Управление Министерства внутренних дел Российской Федерации по Курганской области	1
Государственная инспекция труда в Смоленской области	1
государственное образовательное учреждение дополнительного образования детей "Саратовская областная специализированная детско-юношеская спортивная школа олимпийского резерва "ОЛИМПИЙСКИЕ РАКЕТКИ"	1
Администрация Рощинского сельского поселения	1
государственное казенное учреждение здравоохранения "Шацкая психиатрическая больница"	1
государственное бюджетное учреждение здравоохранения Архангельской области "Архангельская городская клиническая больница № 4"	1
Федеральная служба государственной регистрации, кадастра и картографии	1
Администрация Щучье-Озерского сельского поселения Октябрьского муниципального района Пермского края	1
Открытое акционерное общество "Нижегородское научно-производственное объединение имени М.В. Фрунзе"	1
